Question,CorrectAnswer,Option1,Option2,Option3,Reason,,,,,,,,,,,
What does the HTML5 'contenteditable' attribute do?,Allows the user to edit the content of an element,Controls the visibility of an element,Marks an element as a navigation menu,Defines the character encoding of the document,"The 'contenteditable' attribute in HTML5 allows the user to edit the content of an element directly within the web page. For example, <div contenteditable='true'>This content is editable</div>.",,,,,,,,,,,
What is the purpose of the 'srcset' attribute in HTML's 'img' element?,Specifies a set of images to be used in different scenarios,Defines the source URL of the image,Controls the image's height and width,Specifies the image's alt text,"The 'srcset' attribute in the 'img' element is used to specify a set of images with different resolutions or sizes. This allows the browser to choose the most appropriate image based on the user's device and screen resolution. For example, <img src='image.jpg' srcset='image-2x.jpg 2x, image-3x.jpg 3x' alt='An image'>.",,,,,,,,,,,
How can you create a custom data attribute in HTML?,Prefix the attribute name with 'data-',Use the 'custom' attribute,Use JavaScript to create the attribute,Use a 'meta' element in the document head,"To create a custom data attribute in HTML, you should prefix the attribute name with 'data-'. For example, <div data-customattribute='value'>Content</div>.",,,,,,,,,,,
What is the purpose of the 'defer' attribute in the 'script' element?,Delays script execution until after the document is parsed,Loads the script asynchronously,Defines the script's MIME type,Prevents the script from executing,"The 'defer' attribute in the 'script' element is used to delay the execution of the script until after the document is parsed. This can improve page loading performance, especially when placed in the 'head' section. For example, <script src='script.js' defer></script>.",,,,,,,,,,,
How do you embed an SVG image directly into an HTML document?,Use the 'img' element with the 'src' attribute,Use the 'object' element,Use the 'embed' element,Use the 'svg' element with the 'image' element,You can embed an SVG image directly into an HTML document using the 'svg' element with the 'image' element as follows: <svg><image xlink:href='image.svg' width='100' height='100' /></svg>.,,,,,,,,,,,
What is the purpose of the HTML 'picture' element?,Allows for responsive images with multiple sources,Embeds videos into web pages,Creates a container for text and images,Specifies the document's language,The 'picture' element in HTML is used for creating responsive images with multiple sources. It allows you to provide different image sources for different screen sizes or resolutions. For example: <picture><source srcset='large.jpg' media='(min-width: 1024px)' /><source srcset='small.jpg' /><img src='fallback.jpg' alt='An image' /></picture>.,,,,,,,,,,,
How can you create a hyperlink that opens an email client with a pre-filled subject and body?,Use the 'mailto' URI scheme,Use JavaScript to open the email client,Create a form with input fields for subject and body,Use the 'mailto' attribute in the 'a' element,"To create a hyperlink that opens an email client with a pre-filled subject and body, you should use the 'mailto' URI scheme. For example: <a href='mailto:recipient@example.com?subject=Subject%20Text&body=Body%20Text'>Send Email</a>.",,,,,,,,,,,
What is the purpose of the 'figure' and 'figcaption' elements in HTML?,Represents a self-contained piece of content with a caption,Defines a grouping of form controls,Specifies the document's character encoding,Creates a table for tabular data,"The 'figure' element in HTML is used to represent a self-contained piece of content, such as an image or a chart, and the 'figcaption' element is used to provide a caption for that content. This helps improve accessibility and semantic structure. For example: <figure><img src='image.jpg' alt='An image' /><figcaption>Caption for the image</figcaption></figure>.",,,,,,,,,,,
What is the purpose of the 'aria-label' attribute in HTML?,Provides an accessible label for an element when a visible label is not present,Defines the alignment of text within an element,Specifies the language of the document,Controls the styling of a text element,"The 'aria-label' attribute in HTML is used to provide an accessible label for an element, especially when a visible label is not present. It enhances accessibility for screen readers. For example: <button aria-label='Close'>X</button>.",,,,,,,,,,,
What is the correct way to define a custom icon font in HTML and CSS?,Use the 'iconfont' element,Embed SVG images directly,Link to an external CSS file that defines the icons,Use the 'font' element with the 'icon' attribute,"The correct way to define a custom icon font in HTML and CSS is to link to an external CSS file that defines the icons. This CSS file typically uses the '@font-face' rule to define the font and its character mappings.""What is the CSS 'grid-template-areas' property used for?",Defines the layout of a grid container using named grid areas,Controls the spacing between grid items,Adjusts the opacity of grid items,Specifies the grid container's width and height,The 'grid-template-areas' property in CSS is used to define the layout of a grid container by assigning names to specific grid areas. This allows for precise control over the placement of grid items. For example: .grid-container { display: grid; grid-template-areas: 'header header' 'sidebar main' 'footer footer'; },,,,,,
How can you create a CSS animation that smoothly transitions an element's color from one state to another?,Use the 'transition' property with 'color' as the property to transition,Use the 'animate' keyframes rule,Apply a 'transform' with a 'rotate' function,Use the 'animation-timing-function' property,You can create a CSS animation that smoothly transitions an element's color by using the 'transition' property with 'color' as the property to transition. For example: .element { transition: color 0.5s ease; },,,,,,,,,,,
What is the purpose of the CSS 'mix-blend-mode' property?,Controls how an element blends with the content underneath it,Specifies the font size for text elements,Defines the opacity of an element,Adjusts the element's border radius,The 'mix-blend-mode' property in CSS is used to control how an element blends with the content beneath it. It allows for creative blending effects in web design. For example: .element { mix-blend-mode: screen; },,,,,,,,,,,
How can you create a CSS rule that applies only when the browser window is wider than 768 pixels?,Use a media query with the 'min-width' property,Use a pseudo-class selector,Apply a 'position' property with 'absolute' value,Use the 'display' property,You can create a CSS rule that applies only when the browser window is wider than 768 pixels by using a media query with the 'min-width' property. For example: @media (min-width: 769px) { /* Your CSS rules here */ },,,,,,,,,,,
What does the 'currentColor' keyword refer to in CSS?,Refers to the computed value of the 'color' property,Specifies the background color of an element,Controls the opacity of an element,Defines the color of a text shadow,The 'currentColor' keyword in CSS refers to the computed value of the 'color' property of the element. It allows for dynamic inheritance of the element's color. For example: .element { border: 2px solid currentColor; },,,,,,,,,,,
How can you create a CSS rule that selects every other row in an HTML table?,Use the ':nth-child' pseudo-class selector,Apply the 'even' value to the 'nth-child' selector,Use the 'odd' value with the 'nth-child' selector,Apply the 'row' pseudo-element selector,You can create a CSS rule that selects every other row in an HTML table by using the ':nth-child' pseudo-class selector with the 'even' value. For example: tr:nth-child(even) { /* Your CSS rules here */ },,,,,,,,,,,
What is the purpose of the CSS 'will-change' property?,Hints to the browser that an element's property will change,Defines the opacity of an element,Specifies the width and height of an element,Controls the element's visibility,"The 'will-change' property in CSS is used to hint to the browser that an element's property will change, allowing the browser to optimize rendering. For example: .element { will-change: transform; }",,,,,,,,,,,
How can you create a CSS rule that selects an element when the mouse pointer hovers over it?,Use the ':hover' pseudo-class selector,Apply the 'hover' keyword in the 'selector' property,Use the 'mouse-over' pseudo-element selector,Apply the 'onmouseover' event handler,You can create a CSS rule that selects an element when the mouse pointer hovers over it by using the ':hover' pseudo-class selector. For example: .element:hover { /* Your CSS rules here */ },,,,,,,,,,,
What does the CSS 'flex-grow' property control in a flex container?,Specifies the initial size of flex items,Controls the spacing between flex items,Defines the flex container's width and height,Specifies how flex items grow relative to each other,The 'flex-grow' property in CSS controls how flex items grow relative to each other within a flex container. It determines the proportion in which the available space is distributed among the flex items. For example: .flex-item { flex-grow: 2; },,,,,,,,,,,
What is the purpose of the CSS 'clip-path' property?,Defines the visible area of an element using a clipping path,Specifies the element's background color,Controls the element's visibility,Adjusts the element's font size,"The 'clip-path' property in CSS is used to define the visible area of an element using a clipping path. It allows you to create complex shapes for elements. For example: .element { clip-path: polygon(0% 0%, 100% 0%, 100% 50%, 0% 50%); }""What does the 'ggplot2' package in R primarily facilitate?",Data visualization and plotting,Statistical hypothesis testing,Database management,Machine learning,'ggplot2' is primarily used for data visualization and creating plots in R.,,,,,,
"How do you declare a vector in R with values from 1 to 10, inclusive?",c(1:10),vector(1:10),seq(1,10),list(1:10),"You can declare a vector in R with values from 1 to 10 using 'c(1:10)' or 'seq(1, 10)'.",,,,,,,,,,
What does the 'apply()' function in R do?,Applies a function to rows or columns of a matrix,Imports data from external sources,Creates a list of unique values in a vector,Generates random numbers,The 'apply()' function applies a function to rows or columns of a matrix in R.,,,,,,,,,,,
What is the purpose of the 'dplyr' package in R?,Data manipulation and transformation,Statistical modeling,Text mining,Time series analysis,'dplyr' is used for data manipulation and transformation in R.,,,,,,,,,,,
How do you install a package in R from the official CRAN repository?,"install.packages(""package_name"")","library(""package_name"")","require(""package_name"")","load(""package_name"")","To install a package from CRAN, use 'install.packages('package_name')'.",,,,,,,,,,,
What is the purpose of the 'factor' data type in R?,Categorical data representation,Complex numbers,Logical values,Date and time handling,The 'factor' data type represents categorical data in R.,,,,,,,,,,,
What does the 'RStudio' integrated development environment (IDE) provide for R users?,A user-friendly interface for writing and running R code,Database management tools,Machine learning algorithms,Statistical modeling libraries,RStudio provides an IDE for writing and running R code with a user-friendly interface.,,,,,,,,,,,
What is the purpose of the 'ggplot2' function 'geom_bar()' in R?,Creates bar plots,Performs matrix multiplication,Applies mathematical functions to data,Calculates statistical measures,'geom_bar()' in 'ggplot2' is used to create bar plots in R.,,,,,,,,,,,
How do you generate a random sample of 100 numbers from a normal distribution in R?,rnorm(100),random.sample(100),generate_random_normal(100),random.choice(100),"To generate a random sample from a normal distribution in R, use 'rnorm(100)'.",,,,,,,,,,,
What does the 'ifelse()' function in R do?,Performs conditional testing and returns values based on the condition,Calculates the mean of a numeric vector,Generates random integers,Creates a list of unique values in a vector,"'ifelse()' performs conditional testing and returns values based on the condition in R.""What does XML stand for?",eXtensible Markup Language,Extra Text Markup Language,Extended Markup Language,eXperimental Markup Language,"XML stands for 'eXtensible Markup Language.' It emphasizes extensibility and is used to structure and transport data.""What is the primary purpose of XML?",To store and transport structured data,To define the style and layout of web pages,To create interactive web applications,To design web forms,"XML's primary purpose is to store and transport structured data, making it suitable for various applications and industries.",
What is the key difference between XML and HTML?,XML defines the structure of data,while HTML defines the structure of web content.,XML is used for web design,while HTML is for data storage.,XML is more colorful than HTML.,"HTML is an extension of XML.""","The primary difference is that XML defines the structure of data, while HTML defines the structure of web content and how it's displayed.""How do XML elements and attributes differ?",Elements contain data and nested elements,while attributes provide additional information about elements.,Elements are optional,while attributes are required.,Elements are always self-closing,while attributes are not.,Elements are used for styling,while attributes are for data storage,"XML elements contain data and nested elements, while attributes provide additional information about elements or modify their behavior."
What is the purpose of a Document Type Definition (DTD) in XML?,To define the structure and rules for an XML document,To specify the character encoding of XML data,To add comments to XML documents,To create hyperlinks within XML documents,"A DTD in XML defines the structure and rules for an XML document, including the allowed elements, attributes, and their relationships.",,,,,,,,,,,
How does XML handle data validation compared to HTML?,XML relies on DTDs or XML Schema for data validation,while HTML uses predefined tags and attributes.,XML does not support data validation,while HTML uses JavaScript for validation,XML and HTML both rely on JavaScript for data validation,XML uses predefined tags and attributes for data validation,"while HTML uses DTDs.""","XML uses DTDs or XML Schema to validate data, allowing for stricter data validation compared to HTML, which relies on predefined tags and attributes.",,,,,,,,
What is the role of namespaces in XML?,To avoid naming conflicts by creating unique element and attribute names,To define the style and layout of web pages,To group elements within an XML document,To specify the encoding of XML data,"Namespaces in XML are used to avoid naming conflicts by creating unique element and attribute names, enabling the integration of multiple XML vocabularies.",,,,,,,,,,,
What does XML's self-descriptive nature mean?,XML documents contain tags that describe the data's structure and meaning.,XML documents are often vague and lack structure.,XML documents require external documentation to be understood.,XML documents only contain data without any context,"XML's self-descriptive nature means that XML documents contain tags that describe the data's structure and meaning, making them human-readable and self-explanatory.",,,,,,,,,,,
What is the typical file extension for XML documents?,.xml,.html,.txt,.doc,"The typical file extension for XML documents is '.xml,' which signifies that the file contains structured data in XML format.",,,,,,,,,,,
Which of the following best describes XML's flexibility compared to HTML?,XML is more flexible because it allows users to define their own document structure and tags.,HTML is more flexible because it can display multimedia content.,XML and HTML have the same level of flexibility.,"XML and HTML are equally inflexible.""","XML is more flexible than HTML because it allows users to define their own document structure and tags, adapting to various data formats and industries.",Devices with a screen width up to 768 pixels,Devices with a screen width greater than 768 pixels,Devices with a screen width exactly 768 pixels,Devices with a screen height up to 768 pixels,A media query with 'max-width: 768px' targets devices with a screen width less than or equal to 768 pixels.,,,,,,
"When using 'min-width' in a media query, what does it determine?",The minimum screen width required for the styles to apply,The maximum screen width for applying styles,The screen height required for the styles to apply,The screen resolution for applying styles,'min-width' in a media query determines the minimum screen width required for the styles to apply.,,,,,,,,,,,
What is the purpose of a breakpoint in responsive web design?,To define specific screen widths at which design changes occur,To set the maximum screen width for a website,To specify the screen resolution for high-quality images,To determine the font size for mobile devices,Breakpoints in responsive web design are used to define specific screen widths at which design changes and layout adjustments occur.,,,,,,,,,,,
"If you want to apply styles to screens smaller than 600 pixels wide, which media query should you use?",@media (max-width: 599px),@media (min-width: 600px),@media (max-width: 600px),@media (min-width: 599px),"To apply styles to screens smaller than 600 pixels wide, you should use '@media (max-width: 599px)' to ensure styles apply to screens up to 599 pixels in width.",,,,,,,,,,,
What is the purpose of 'min-width' and 'max-width' together in a media query?,To target a specific range of screen widths,To apply styles only to screens with a fixed width,To make the styles apply to all screen sizes,To specify the screen resolution for images,Using 'min-width' and 'max-width' together in a media query allows you to target a specific range of screen widths.,,,,,,,,,,,
"When using 'max-width' in a media query, what does it determine?",The maximum screen width required for the styles to apply,The minimum screen width for applying styles,The screen height required for the styles to apply,The screen resolution for applying styles,'max-width' in a media query determines the maximum screen width required for the styles to apply.,,,,,,,,,,,
What is the result of a media query with 'min-width: 768px' and 'max-width: 1024px'?,It targets screens with a width between 768 pixels and 1024 pixels,It targets screens with a width less than 768 pixels or greater than 1024 pixels,It targets screens with exactly 768 pixels or 1024 pixels,It targets screens with a width greater than 768 pixels but less than 1024 pixels,A media query with 'min-width: 768px' and 'max-width: 1024px' targets screens with a width between 768 pixels and 1024 pixels.,,,,,,,,,,,
What is the role of 'em' units in media queries?,They provide a relative unit based on the font size,They specify the screen width in pixels,They define breakpoints in inches,They determine the screen resolution,"'em' units in media queries provide a relative unit based on the font size, making them adaptable to different screen sizes.",,,,,,,,,,,
"If you want to apply styles to screens larger than 1200 pixels wide, which media query should you use?",@media (min-width: 1199px),@media (max-width: 1200px),@media (min-width: 1201px),@media (max-width: 1199px),"To apply styles to screens larger than 1200 pixels wide, you should use '@media (min-width: 1201px)' to target screens with a width greater than 1200 pixels.",,,,,,,,,,,
What is the primary benefit of using media queries in web design?,To create responsive and adaptable layouts for different devices and screen sizes,To optimize images for high-resolution displays,To specify font styles and colors,To improve website load times,The primary benefit of using media queries in web design is to create responsive and adaptable layouts for different devices and screen sizes.,,,,,,,,,,,
When did Tim Berners-Lee start working on the development of the World Wide Web at CERN?,1990,1985,1995,2000,Tim Berners-Lee began working on the World Wide Web in 1990 at CERN.,,,,,,,,,,,
What significant development did Tim Berners-Lee's World Wide Web bring about in the early 1990s?,A more convenient way for computers to communicate files over the Internet.,Revolutionized email communication,Introduced virtual reality on the Internet,Paved the way for social media platforms,Tim Berners-Lee's World Wide Web provided a more convenient means for computers to share files over the Internet.,,,,,,,,,,,
"What protocol is commonly used for communication between web clients (e.g., browsers) and web servers?",HTTP (Hypertext Transfer Protocol),FTP (File Transfer Protocol),SMTP (Simple Mail Transfer Protocol),TCP/IP (Transmission Control Protocol/Internet Protocol),HTTP is the standard protocol for web communication.,,,,,,,,,,,
Which web server software is known for its open-source nature and is widely used on many Linux servers?,Apache,Nginx,IIS,Tomcat,Apache is a popular open-source web server software.,,,,,,,,,,,
What does 'HTTP' stand for in the context of web servers and internet communication?,Hypertext Transfer Protocol,Hyperlink Text Transmission Protocol,High-Tech Terminal Protocol,Human-Tested Transmission Process,"HTTP stands for Hypertext Transfer Protocol, which is the foundation of data communication on the World Wide Web.",,,,,,,,,,,
When was the first website published?,1991,1985,1995,2000,"The first website was indeed published in 1991, marking the beginning of the World Wide Web.",,,,,,,,,,,
In what year did the number of Internet users surpass 3 billion?,2015,2005,2010,2020,"The number of Internet users surpassed 3 billion in 2015, marking a significant milestone in global Internet adoption.",,,,,,,,,,,
"What international standards organization traditionally controlled web standards, including HTML, before relinquishing HTML standards publishing in 2019?",The World Wide Web Consortium (W3C),Internet Engineering Task Force (IETF),Web Hypertext Application Technology Working Group (WHATWG),International Organization for Standardization (ISO),"The text mentions that the W3C traditionally controlled web standards, including HTML.",,,,,,,,,,,
"In 2014, which HTML standard was released by the W3C?",HTML5,HTML4,XHTML,HTML+,The provided information states that HTML5 was the latest HTML standard released by the W3C in 2014.,,,,,,,,,,,
What organization replaced the W3C in publishing HTML standards in 2019 and produces the HTML Living Standard?,Web Hypertext Application Technology Working Group (WHATWG),Internet Engineering Task Force (IETF),The World Wide Web Consortium (W3C),International Organization for Standardization (ISO),"The passage mentions that the WHATWG, an organization that develops various web standards, took over HTML standards publishing in 2019 and produces the HTML Living Standard.",,,,,,,,,,,
What year was the HTML 2.0 standard published?,1995,1990,2000,2005,The HTML 2.0 standard was published in 1995.,,,,,,,,,,,
When did WHATWG take over the HTML standard?,2019,2010,2015,2020,WHATWG took over the HTML standard in 2019.,,,,,,,,,,,
When was the World Wide Web Consortium (W3C) created?,1994,1985,2000,1990,The W3C was created in 1994.,,,,,,,,,,,
What is the size of an IP address in IPv4?,32 bits,16 bits,64 bits,128 bits,An IPv4 address is indeed 32 bits in size.,,,,,,,,,,,
How many IP addresses does IPv6 support?,Approximately 340 undecillion (3.4 x 10^38),"Approximately 4.3 billion"",""Approximately 128 trillion (1.28 x 10^14)",Approximately 16 million,Approximately 4.3 billion,IPv6 supports approximately 340 undecillion IP addresses.,,,,,,,,,,,